-- ─── SEASONS ─────────────────────────────────────────────────────────────────
insert into seasons (id, year, is_current) values
  ('a1000000-0000-0000-0000-000000000001', '2022-23', false),
  ('a1000000-0000-0000-0000-000000000002', '2023-24', false),
  ('a1000000-0000-0000-0000-000000000003', '2024-25', true);

-- ─── TEAMS (Süper Lig 2024-25, API-Football IDs) ─────────────────────────────
insert into teams (id, name, short_name, api_football_id) values
  ('b1000000-0000-0000-0000-000000000001', 'Galatasaray',      'GS',  645),
  ('b1000000-0000-0000-0000-000000000002', 'Fenerbahçe',       'FB',  611),
  ('b1000000-0000-0000-0000-000000000003', 'Beşiktaş',         'BJK', 609),
  ('b1000000-0000-0000-0000-000000000004', 'Trabzonspor',      'TS',  641),
  ('b1000000-0000-0000-0000-000000000005', 'Başakşehir',       'IBB', 7153),
  ('b1000000-0000-0000-0000-000000000006', 'Kasımpaşa',        'KSP', 617),
  ('b1000000-0000-0000-0000-000000000007', 'Sivasspor',        'SIV', 631),
  ('b1000000-0000-0000-0000-000000000008', 'Alanyaspor',       'ALY', 4756),
  ('b1000000-0000-0000-0000-000000000009', 'Antalyaspor',      'ANT', 608),
  ('b1000000-0000-0000-0000-000000000010', 'Konyaspor',        'KON', 618),
  ('b1000000-0000-0000-0000-000000000011', 'Kayserispor',      'KAY', 616),
  ('b1000000-0000-0000-0000-000000000012', 'Gaziantep FK',     'GFK', 2282),
  ('b1000000-0000-0000-0000-000000000013', 'Hatayspor',        'HAT', 2316),
  ('b1000000-0000-0000-0000-000000000014', 'Samsunspor',       'SAM', 630),
  ('b1000000-0000-0000-0000-000000000015', 'Rizespor',         'RIZ', 629),
  ('b1000000-0000-0000-0000-000000000016', 'Eyüpspor',         'EYP', null),
  ('b1000000-0000-0000-0000-000000000017', 'Bodrum FK',        'BOD', null),
  ('b1000000-0000-0000-0000-000000000018', 'Göztepe',          'GZT', 614);

-- ─── REFEREES (Top Süper Lig referees, last 3 seasons) ───────────────────────
insert into referees (id, name, nationality) values
  ('c1000000-0000-0000-0000-000000000001', 'Halil Umut Meler',   'Turkish'),
  ('c1000000-0000-0000-0000-000000000002', 'Abdulkadir Bitigen', 'Turkish'),
  ('c1000000-0000-0000-0000-000000000003', 'Arda Kardeşler',     'Turkish'),
  ('c1000000-0000-0000-0000-000000000004', 'Volkan Bayarslan',   'Turkish'),
  ('c1000000-0000-0000-0000-000000000005', 'Atilla Karaoğlan',   'Turkish'),
  ('c1000000-0000-0000-0000-000000000006', 'Mete Kalkavan',      'Turkish'),
  ('c1000000-0000-0000-0000-000000000007', 'Ali Palabıyık',      'Turkish'),
  ('c1000000-0000-0000-0000-000000000008', 'Cüneyt Çakır',       'Turkish'),
  ('c1000000-0000-0000-0000-000000000009', 'Hüseyin Göçek',      'Turkish'),
  ('c1000000-0000-0000-0000-000000000010', 'Zorbay Küçük',       'Turkish'),
  ('c1000000-0000-0000-0000-000000000011', 'Serkan Ok',          'Turkish'),
  ('c1000000-0000-0000-0000-000000000012', 'Emre Malok',         'Turkish');

-- ─── REFEREE ACCURACY SEED ───────────────────────────────────────────────────
-- Fill in correct_calls / total_calls based on your historical research.
-- These are scaffolded at 0/0 — update before launch.
-- Seasons: 2022-23 = a1...001, 2023-24 = a1...002, 2024-25 = a1...003
-- Referees: c1...001 through c1...012
-- Teams: b1...001 (Galatasaray) through b1...018 (Göztepe)

-- Example rows for Halil Umut Meler (c1...001), current season only:
insert into referee_accuracy (referee_id, team_id, season_id, correct_calls, total_calls) values
  ('c1000000-0000-0000-0000-000000000001','b1000000-0000-0000-0000-000000000001','a1000000-0000-0000-0000-000000000003', 0, 0),
  ('c1000000-0000-0000-0000-000000000001','b1000000-0000-0000-0000-000000000002','a1000000-0000-0000-0000-000000000003', 0, 0),
  ('c1000000-0000-0000-0000-000000000001','b1000000-0000-0000-0000-000000000003','a1000000-0000-0000-0000-000000000003', 0, 0),
  ('c1000000-0000-0000-0000-000000000001','b1000000-0000-0000-0000-000000000004','a1000000-0000-0000-0000-000000000003', 0, 0),
  -- Add remaining 14 teams for this referee, then repeat for all 12 referees x 3 seasons
  ('c1000000-0000-0000-0000-000000000002','b1000000-0000-0000-0000-000000000001','a1000000-0000-0000-0000-000000000003', 0, 0),
  ('c1000000-0000-0000-0000-000000000002','b1000000-0000-0000-0000-000000000002','a1000000-0000-0000-0000-000000000003', 0, 0);
-- TODO: complete all referee × team × season combinations before launch
